{"9BD661E0": {"gain": 1.83203125, "offset": 511}, "B3D0A891": {"gain": 1.875, "offset": 503}, "DBD2BE12": {"gain": 1.83984375, "offset": 511}}